Product ID,Name,Description,Price (₹),Image URL,Catalog ID
101,Classic Burger,Juicy grilled burger,99,https://staticcookist.akamaized.net/wp-content/uploads/sites/22/2021/09/beef-burger.jpg?im=AspectCrop=(16,9);,1
102,Cheese Burger,Extra cheesy burger,129,https://staticcookist.akamaized.net/wp-content/uploads/sites/22/2021/09/beef-burger.jpg?im=AspectCrop=(16,9);,2
201,Margherita Pizza,Classic cheesy pizza,199,https://staticcookist.akamaized.net/wp-content/uploads/sites/22/2021/09/beef-burger.jpg?im=AspectCrop=(16,9);,3
202,Pepperoni Pizza,Spicy pepperoni top,249,hhttps://staticcookist.akamaized.net/wp-content/uploads/sites/22/2021/09/beef-burger.jpg?im=AspectCrop=(16,9);,Y4
